Release_Date,Title,Overview,Popularity,Vote_Count,Vote_Average,Original_Language,Genre,Poster_Url
2012-01-07,Netflix Movie 1,This is the overview of Netflix Movie 1.,183.8,48570,5.8,ko,Romance,https://image.tmdb.org/t/p/netflix_movie_1.jpg
2001-05-09,Netflix Movie 2,This is the overview of Netflix Movie 2.,87.8,33994,7.2,ko,Sci-Fi,https://image.tmdb.org/t/p/netflix_movie_2.jpg
2007-03-03,Netflix Movie 3,This is the overview of Netflix Movie 3.,100.0,39824,4.9,es,Comedy,https://image.tmdb.org/t/p/netflix_movie_3.jpg
2000-07-06,Netflix Movie 4,This is the overview of Netflix Movie 4.,161.1,4831,5.6,en,Documentary,https://image.tmdb.org/t/p/netflix_movie_4.jpg
2003-05-11,Netflix Movie 5,This is the overview of Netflix Movie 5.,153.6,14244,4.8,en,Action,https://image.tmdb.org/t/p/netflix_movie_5.jpg
2006-01-12,Netflix Movie 6,This is the overview of Netflix Movie 6.,224.4,35080,4.5,ko,Comedy,https://image.tmdb.org/t/p/netflix_movie_6.jpg
2008-09-24,Netflix Movie 7,This is the overview of Netflix Movie 7.,175.4,3395,8.3,fr,Animation,https://image.tmdb.org/t/p/netflix_movie_7.jpg
2022-05-13,Netflix Movie 8,This is the overview of Netflix Movie 8.,178.5,13121,6.3,fr,Thriller,https://image.tmdb.org/t/p/netflix_movie_8.jpg
2002-06-16,Netflix Movie 9,This is the overview of Netflix Movie 9.,151.3,24138,5.9,pt,Sci-Fi,https://image.tmdb.org/t/p/netflix_movie_9.jpg
2019-10-07,Netflix Movie 10,This is the overview of Netflix Movie 10.,60.8,19001,8.1,de,Action,https://image.tmdb.org/t/p/netflix_movie_10.jpg
2000-12-06,Netflix Movie 11,This is the overview of Netflix Movie 11.,188.1,37288,6.9,ja,Comedy,https://image.tmdb.org/t/p/netflix_movie_11.jpg
2013-06-22,Netflix Movie 12,This is the overview of Netflix Movie 12.,278.6,28907,4.9,en,Romance,https://image.tmdb.org/t/p/netflix_movie_12.jpg
2013-05-03,Netflix Movie 13,This is the overview of Netflix Movie 13.,227.7,20135,7.9,fr,Documentary,https://image.tmdb.org/t/p/netflix_movie_13.jpg
2006-07-15,Netflix Movie 14,This is the overview of Netflix Movie 14.,27.4,40571,8.5,fr,Romance,https://image.tmdb.org/t/p/netflix_movie_14.jpg
2015-04-18,Netflix Movie 15,This is the overview of Netflix Movie 15.,276.3,40893,7.6,pt,Comedy,https://image.tmdb.org/t/p/netflix_movie_15.jpg
2011-07-10,Netflix Movie 16,This is the overview of Netflix Movie 16.,195.2,2931,7.7,ja,Drama,https://image.tmdb.org/t/p/netflix_movie_16.jpg
2000-10-29,Netflix Movie 17,This is the overview of Netflix Movie 17.,38.2,8088,4.9,fr,Comedy,https://image.tmdb.org/t/p/netflix_movie_17.jpg
2010-10-21,Netflix Movie 18,This is the overview of Netflix Movie 18.,10.4,25314,6.0,en,Animation,https://image.tmdb.org/t/p/netflix_movie_18.jpg
2012-08-02,Netflix Movie 19,This is the overview of Netflix Movie 19.,202.9,39247,9.2,fr,Sci-Fi,https://image.tmdb.org/t/p/netflix_movie_19.jpg
2000-04-03,Netflix Movie 20,This is the overview of Netflix Movie 20.,82.3,38401,8.7,es,Animation,https://image.tmdb.org/t/p/netflix_movie_20.jpg
2010-11-01,Netflix Movie 21,This is the overview of Netflix Movie 21.,196.2,38207,5.6,fr,Thriller,https://image.tmdb.org/t/p/netflix_movie_21.jpg
2017-02-05,Netflix Movie 22,This is the overview of Netflix Movie 22.,181.2,27665,6.3,de,Horror,https://image.tmdb.org/t/p/netflix_movie_22.jpg
2009-02-14,Netflix Movie 23,This is the overview of Netflix Movie 23.,135.8,12518,4.6,de,Documentary,https://image.tmdb.org/t/p/netflix_movie_23.jpg
2020-07-14,Netflix Movie 24,This is the overview of Netflix Movie 24.,295.9,3791,4.9,ko,Thriller,https://image.tmdb.org/t/p/netflix_movie_24.jpg
2016-12-20,Netflix Movie 25,This is the overview of Netflix Movie 25.,77.6,19715,4.6,en,Comedy,https://image.tmdb.org/t/p/netflix_movie_25.jpg
2004-01-31,Netflix Movie 26,This is the overview of Netflix Movie 26.,212.7,27295,6.3,pt,Comedy,https://image.tmdb.org/t/p/netflix_movie_26.jpg
2024-08-18,Netflix Movie 27,This is the overview of Netflix Movie 27.,234.3,15294,9.5,it,Documentary,https://image.tmdb.org/t/p/netflix_movie_27.jpg
2020-04-02,Netflix Movie 28,This is the overview of Netflix Movie 28.,97.8,13952,7.3,ja,Romance,https://image.tmdb.org/t/p/netflix_movie_28.jpg
2001-10-22,Netflix Movie 29,This is the overview of Netflix Movie 29.,55.0,35665,8.7,fr,Animation,https://image.tmdb.org/t/p/netflix_movie_29.jpg
2005-05-16,Netflix Movie 30,This is the overview of Netflix Movie 30.,263.3,36347,7.4,ko,Comedy,https://image.tmdb.org/t/p/netflix_movie_30.jpg
2018-03-25,Netflix Movie 31,This is the overview of Netflix Movie 31.,44.4,42094,8.9,es,Romance,https://image.tmdb.org/t/p/netflix_movie_31.jpg
2000-01-21,Netflix Movie 32,This is the overview of Netflix Movie 32.,80.4,39047,7.7,es,Romance,https://image.tmdb.org/t/p/netflix_movie_32.jpg
2014-11-09,Netflix Movie 33,This is the overview of Netflix Movie 33.,47.8,3242,9.1,fr,Thriller,https://image.tmdb.org/t/p/netflix_movie_33.jpg
2023-02-22,Netflix Movie 34,This is the overview of Netflix Movie 34.,200.9,13301,8.5,pt,Animation,https://image.tmdb.org/t/p/netflix_movie_34.jpg
2004-03-30,Netflix Movie 35,This is the overview of Netflix Movie 35.,67.0,43692,9.3,pt,Thriller,https://image.tmdb.org/t/p/netflix_movie_35.jpg
2006-12-25,Netflix Movie 36,This is the overview of Netflix Movie 36.,35.0,26908,8.2,ko,Romance,https://image.tmdb.org/t/p/netflix_movie_36.jpg
2021-03-09,Netflix Movie 37,This is the overview of Netflix Movie 37.,53.4,3276,7.4,de,Action,https://image.tmdb.org/t/p/netflix_movie_37.jpg
2023-05-04,Netflix Movie 38,This is the overview of Netflix Movie 38.,181.6,27240,7.4,pt,Sci-Fi,https://image.tmdb.org/t/p/netflix_movie_38.jpg
2014-04-13,Netflix Movie 39,This is the overview of Netflix Movie 39.,120.5,5855,5.6,ko,Sci-Fi,https://image.tmdb.org/t/p/netflix_movie_39.jpg
2001-07-22,Netflix Movie 40,This is the overview of Netflix Movie 40.,280.0,979,7.5,fr,Sci-Fi,https://image.tmdb.org/t/p/netflix_movie_40.jpg
2012-12-27,Netflix Movie 41,This is the overview of Netflix Movie 41.,86.6,40492,4.2,it,Thriller,https://image.tmdb.org/t/p/netflix_movie_41.jpg
2011-08-28,Netflix Movie 42,This is the overview of Netflix Movie 42.,65.3,33266,4.8,ja,Drama,https://image.tmdb.org/t/p/netflix_movie_42.jpg
2020-04-23,Netflix Movie 43,This is the overview of Netflix Movie 43.,290.7,45680,8.5,en,Comedy,https://image.tmdb.org/t/p/netflix_movie_43.jpg
2003-10-01,Netflix Movie 44,This is the overview of Netflix Movie 44.,293.3,19803,8.9,de,Drama,https://image.tmdb.org/t/p/netflix_movie_44.jpg
2005-08-20,Netflix Movie 45,This is the overview of Netflix Movie 45.,33.5,49685,8.9,fr,Drama,https://image.tmdb.org/t/p/netflix_movie_45.jpg
2019-03-08,Netflix Movie 46,This is the overview of Netflix Movie 46.,22.0,2445,4.4,en,Horror,https://image.tmdb.org/t/p/netflix_movie_46.jpg
2006-05-14,Netflix Movie 47,This is the overview of Netflix Movie 47.,253.0,40974,4.1,de,Comedy,https://image.tmdb.org/t/p/netflix_movie_47.jpg
2011-02-11,Netflix Movie 48,This is the overview of Netflix Movie 48.,205.0,6306,8.0,fr,Drama,https://image.tmdb.org/t/p/netflix_movie_48.jpg
2006-05-11,Netflix Movie 49,This is the overview of Netflix Movie 49.,173.7,16587,5.1,es,Comedy,https://image.tmdb.org/t/p/netflix_movie_49.jpg
2004-11-29,Netflix Movie 50,This is the overview of Netflix Movie 50.,165.3,41312,5.2,fr,Comedy,https://image.tmdb.org/t/p/netflix_movie_50.jpg
2010-08-12,Netflix Movie 51,This is the overview of Netflix Movie 51.,75.3,9358,7.1,es,Drama,https://image.tmdb.org/t/p/netflix_movie_51.jpg
2013-09-01,Netflix Movie 52,This is the overview of Netflix Movie 52.,122.2,34557,5.2,es,Horror,https://image.tmdb.org/t/p/netflix_movie_52.jpg
2024-04-11,Netflix Movie 53,This is the overview of Netflix Movie 53.,275.6,973,9.0,ko,Romance,https://image.tmdb.org/t/p/netflix_movie_53.jpg
2023-04-29,Netflix Movie 54,This is the overview of Netflix Movie 54.,63.5,36706,9.3,it,Drama,https://image.tmdb.org/t/p/netflix_movie_54.jpg
2007-05-17,Netflix Movie 55,This is the overview of Netflix Movie 55.,123.3,44538,7.1,ko,Romance,https://image.tmdb.org/t/p/netflix_movie_55.jpg
2013-10-17,Netflix Movie 56,This is the overview of Netflix Movie 56.,117.3,45310,8.9,pt,Documentary,https://image.tmdb.org/t/p/netflix_movie_56.jpg
2019-05-20,Netflix Movie 57,This is the overview of Netflix Movie 57.,147.8,15725,6.4,fr,Thriller,https://image.tmdb.org/t/p/netflix_movie_57.jpg
2020-09-23,Netflix Movie 58,This is the overview of Netflix Movie 58.,41.8,38954,4.4,pt,Sci-Fi,https://image.tmdb.org/t/p/netflix_movie_58.jpg
2010-08-11,Netflix Movie 59,This is the overview of Netflix Movie 59.,238.1,31237,9.3,ko,Sci-Fi,https://image.tmdb.org/t/p/netflix_movie_59.jpg
2017-05-07,Netflix Movie 60,This is the overview of Netflix Movie 60.,184.7,17402,6.2,ko,Comedy,https://image.tmdb.org/t/p/netflix_movie_60.jpg
2007-02-11,Netflix Movie 61,This is the overview of Netflix Movie 61.,222.9,20224,4.8,de,Comedy,https://image.tmdb.org/t/p/netflix_movie_61.jpg
2017-04-17,Netflix Movie 62,This is the overview of Netflix Movie 62.,105.3,42114,5.2,ko,Sci-Fi,https://image.tmdb.org/t/p/netflix_movie_62.jpg
2015-01-30,Netflix Movie 63,This is the overview of Netflix Movie 63.,254.3,37289,5.0,es,Action,https://image.tmdb.org/t/p/netflix_movie_63.jpg
2001-05-21,Netflix Movie 64,This is the overview of Netflix Movie 64.,220.1,37991,6.0,ja,Sci-Fi,https://image.tmdb.org/t/p/netflix_movie_64.jpg
2006-08-12,Netflix Movie 65,This is the overview of Netflix Movie 65.,206.5,40563,9.3,fr,Drama,https://image.tmdb.org/t/p/netflix_movie_65.jpg
2003-07-13,Netflix Movie 66,This is the overview of Netflix Movie 66.,287.3,2722,7.7,de,Sci-Fi,https://image.tmdb.org/t/p/netflix_movie_66.jpg
2006-07-26,Netflix Movie 67,This is the overview of Netflix Movie 67.,46.9,30834,6.2,en,Animation,https://image.tmdb.org/t/p/netflix_movie_67.jpg
2009-10-15,Netflix Movie 68,This is the overview of Netflix Movie 68.,264.5,16067,4.3,it,Comedy,https://image.tmdb.org/t/p/netflix_movie_68.jpg
2014-08-30,Netflix Movie 69,This is the overview of Netflix Movie 69.,162.7,26333,7.9,ja,Drama,https://image.tmdb.org/t/p/netflix_movie_69.jpg
2012-09-03,Netflix Movie 70,This is the overview of Netflix Movie 70.,158.2,34898,4.7,pt,Sci-Fi,https://image.tmdb.org/t/p/netflix_movie_70.jpg
2011-04-10,Netflix Movie 71,This is the overview of Netflix Movie 71.,233.3,33565,7.4,en,Animation,https://image.tmdb.org/t/p/netflix_movie_71.jpg
2015-03-22,Netflix Movie 72,This is the overview of Netflix Movie 72.,238.1,27016,9.2,fr,Animation,https://image.tmdb.org/t/p/netflix_movie_72.jpg
2005-02-09,Netflix Movie 73,This is the overview of Netflix Movie 73.,172.1,4519,9.0,de,Sci-Fi,https://image.tmdb.org/t/p/netflix_movie_73.jpg
2006-08-03,Netflix Movie 74,This is the overview of Netflix Movie 74.,206.0,20049,8.1,ko,Action,https://image.tmdb.org/t/p/netflix_movie_74.jpg
2000-12-20,Netflix Movie 75,This is the overview of Netflix Movie 75.,238.5,18796,9.5,es,Horror,https://image.tmdb.org/t/p/netflix_movie_75.jpg
2005-07-21,Netflix Movie 76,This is the overview of Netflix Movie 76.,298.3,48042,8.1,de,Romance,https://image.tmdb.org/t/p/netflix_movie_76.jpg
2011-05-03,Netflix Movie 77,This is the overview of Netflix Movie 77.,250.5,23515,6.3,it,Action,https://image.tmdb.org/t/p/netflix_movie_77.jpg
2021-07-31,Netflix Movie 78,This is the overview of Netflix Movie 78.,277.1,34221,9.2,ja,Thriller,https://image.tmdb.org/t/p/netflix_movie_78.jpg
2011-07-19,Netflix Movie 79,This is the overview of Netflix Movie 79.,222.7,19876,7.2,es,Horror,https://image.tmdb.org/t/p/netflix_movie_79.jpg
2023-06-23,Netflix Movie 80,This is the overview of Netflix Movie 80.,54.6,13339,5.7,fr,Sci-Fi,https://image.tmdb.org/t/p/netflix_movie_80.jpg
2003-07-07,Netflix Movie 81,This is the overview of Netflix Movie 81.,180.8,19865,9.5,es,Animation,https://image.tmdb.org/t/p/netflix_movie_81.jpg
2012-12-01,Netflix Movie 82,This is the overview of Netflix Movie 82.,33.9,21852,6.8,ja,Animation,https://image.tmdb.org/t/p/netflix_movie_82.jpg
2022-09-27,Netflix Movie 83,This is the overview of Netflix Movie 83.,256.3,20853,4.6,es,Animation,https://image.tmdb.org/t/p/netflix_movie_83.jpg
2021-07-12,Netflix Movie 84,This is the overview of Netflix Movie 84.,288.2,24544,7.7,de,Action,https://image.tmdb.org/t/p/netflix_movie_84.jpg
2000-10-29,Netflix Movie 85,This is the overview of Netflix Movie 85.,278.1,19693,8.4,de,Animation,https://image.tmdb.org/t/p/netflix_movie_85.jpg
2015-01-17,Netflix Movie 86,This is the overview of Netflix Movie 86.,162.4,27101,7.9,en,Action,https://image.tmdb.org/t/p/netflix_movie_86.jpg
2005-11-02,Netflix Movie 87,This is the overview of Netflix Movie 87.,200.7,23366,8.7,fr,Thriller,https://image.tmdb.org/t/p/netflix_movie_87.jpg
2021-01-06,Netflix Movie 88,This is the overview of Netflix Movie 88.,42.5,39837,9.4,pt,Documentary,https://image.tmdb.org/t/p/netflix_movie_88.jpg
2014-09-05,Netflix Movie 89,This is the overview of Netflix Movie 89.,278.1,13661,9.2,es,Action,https://image.tmdb.org/t/p/netflix_movie_89.jpg
2021-03-01,Netflix Movie 90,This is the overview of Netflix Movie 90.,215.6,13890,5.1,en,Documentary,https://image.tmdb.org/t/p/netflix_movie_90.jpg
2005-03-25,Netflix Movie 91,This is the overview of Netflix Movie 91.,276.6,44217,9.2,de,Sci-Fi,https://image.tmdb.org/t/p/netflix_movie_91.jpg
2024-08-12,Netflix Movie 92,This is the overview of Netflix Movie 92.,198.3,25598,4.9,pt,Romance,https://image.tmdb.org/t/p/netflix_movie_92.jpg
2006-01-30,Netflix Movie 93,This is the overview of Netflix Movie 93.,267.9,3306,8.3,pt,Horror,https://image.tmdb.org/t/p/netflix_movie_93.jpg
2002-11-29,Netflix Movie 94,This is the overview of Netflix Movie 94.,297.7,24845,8.9,ja,Horror,https://image.tmdb.org/t/p/netflix_movie_94.jpg
2001-12-31,Netflix Movie 95,This is the overview of Netflix Movie 95.,134.1,31665,7.9,en,Drama,https://image.tmdb.org/t/p/netflix_movie_95.jpg
2001-08-29,Netflix Movie 96,This is the overview of Netflix Movie 96.,220.3,21352,4.4,es,Horror,https://image.tmdb.org/t/p/netflix_movie_96.jpg
2002-09-08,Netflix Movie 97,This is the overview of Netflix Movie 97.,55.8,38914,4.3,fr,Thriller,https://image.tmdb.org/t/p/netflix_movie_97.jpg
2012-11-15,Netflix Movie 98,This is the overview of Netflix Movie 98.,47.6,22425,4.7,de,Documentary,https://image.tmdb.org/t/p/netflix_movie_98.jpg
2013-12-25,Netflix Movie 99,This is the overview of Netflix Movie 99.,21.5,31027,7.4,it,Documentary,https://image.tmdb.org/t/p/netflix_movie_99.jpg
2015-09-17,Netflix Movie 100,This is the overview of Netflix Movie 100.,199.8,6245,6.9,en,Drama,https://image.tmdb.org/t/p/netflix_movie_100.jpg
2021-03-30,Netflix Movie 101,This is the overview of Netflix Movie 101.,203.1,43839,5.9,fr,Romance,https://image.tmdb.org/t/p/netflix_movie_101.jpg
2023-03-22,Netflix Movie 102,This is the overview of Netflix Movie 102.,283.0,35091,6.6,fr,Documentary,https://image.tmdb.org/t/p/netflix_movie_102.jpg
2006-02-12,Netflix Movie 103,This is the overview of Netflix Movie 103.,85.7,33660,6.5,en,Animation,https://image.tmdb.org/t/p/netflix_movie_103.jpg
2024-05-14,Netflix Movie 104,This is the overview of Netflix Movie 104.,50.9,42278,9.0,pt,Documentary,https://image.tmdb.org/t/p/netflix_movie_104.jpg
2010-07-14,Netflix Movie 105,This is the overview of Netflix Movie 105.,123.2,46618,7.9,ko,Horror,https://image.tmdb.org/t/p/netflix_movie_105.jpg
2003-05-17,Netflix Movie 106,This is the overview of Netflix Movie 106.,24.3,5582,7.0,fr,Action,https://image.tmdb.org/t/p/netflix_movie_106.jpg
2001-03-28,Netflix Movie 107,This is the overview of Netflix Movie 107.,184.2,39422,8.4,pt,Animation,https://image.tmdb.org/t/p/netflix_movie_107.jpg
2023-10-05,Netflix Movie 108,This is the overview of Netflix Movie 108.,184.0,38554,4.7,de,Comedy,https://image.tmdb.org/t/p/netflix_movie_108.jpg
2015-11-26,Netflix Movie 109,This is the overview of Netflix Movie 109.,208.3,5171,8.9,ko,Sci-Fi,https://image.tmdb.org/t/p/netflix_movie_109.jpg
2014-03-31,Netflix Movie 110,This is the overview of Netflix Movie 110.,89.3,26106,7.6,ja,Thriller,https://image.tmdb.org/t/p/netflix_movie_110.jpg
2007-02-23,Netflix Movie 111,This is the overview of Netflix Movie 111.,120.5,28239,8.1,pt,Romance,https://image.tmdb.org/t/p/netflix_movie_111.jpg
2005-07-26,Netflix Movie 112,This is the overview of Netflix Movie 112.,174.3,18375,5.7,ja,Drama,https://image.tmdb.org/t/p/netflix_movie_112.jpg
2000-04-19,Netflix Movie 113,This is the overview of Netflix Movie 113.,173.1,23761,8.0,en,Horror,https://image.tmdb.org/t/p/netflix_movie_113.jpg
2005-05-26,Netflix Movie 114,This is the overview of Netflix Movie 114.,192.8,7205,4.0,ja,Documentary,https://image.tmdb.org/t/p/netflix_movie_114.jpg
2011-01-16,Netflix Movie 115,This is the overview of Netflix Movie 115.,235.1,2855,9.0,es,Thriller,https://image.tmdb.org/t/p/netflix_movie_115.jpg
2024-03-02,Netflix Movie 116,This is the overview of Netflix Movie 116.,184.4,49898,6.9,fr,Action,https://image.tmdb.org/t/p/netflix_movie_116.jpg
2007-09-24,Netflix Movie 117,This is the overview of Netflix Movie 117.,130.6,4276,9.4,pt,Thriller,https://image.tmdb.org/t/p/netflix_movie_117.jpg
2008-04-20,Netflix Movie 118,This is the overview of Netflix Movie 118.,282.5,17324,7.0,de,Horror,https://image.tmdb.org/t/p/netflix_movie_118.jpg
2013-02-01,Netflix Movie 119,This is the overview of Netflix Movie 119.,68.8,4649,6.4,en,Drama,https://image.tmdb.org/t/p/netflix_movie_119.jpg
2017-09-08,Netflix Movie 120,This is the overview of Netflix Movie 120.,38.3,39900,7.5,ko,Animation,https://image.tmdb.org/t/p/netflix_movie_120.jpg
2004-04-30,Netflix Movie 121,This is the overview of Netflix Movie 121.,234.7,37634,5.3,ja,Romance,https://image.tmdb.org/t/p/netflix_movie_121.jpg
2000-05-09,Netflix Movie 122,This is the overview of Netflix Movie 122.,274.0,18616,6.9,pt,Thriller,https://image.tmdb.org/t/p/netflix_movie_122.jpg
2009-06-17,Netflix Movie 123,This is the overview of Netflix Movie 123.,268.3,38231,9.5,fr,Action,https://image.tmdb.org/t/p/netflix_movie_123.jpg
2003-01-02,Netflix Movie 124,This is the overview of Netflix Movie 124.,45.3,44202,7.3,fr,Action,https://image.tmdb.org/t/p/netflix_movie_124.jpg
2013-02-05,Netflix Movie 125,This is the overview of Netflix Movie 125.,208.1,25999,4.7,de,Drama,https://image.tmdb.org/t/p/netflix_movie_125.jpg
2024-01-17,Netflix Movie 126,This is the overview of Netflix Movie 126.,208.0,37787,8.4,ja,Documentary,https://image.tmdb.org/t/p/netflix_movie_126.jpg
2024-03-09,Netflix Movie 127,This is the overview of Netflix Movie 127.,19.4,8554,8.9,ko,Thriller,https://image.tmdb.org/t/p/netflix_movie_127.jpg
2013-07-27,Netflix Movie 128,This is the overview of Netflix Movie 128.,260.9,2334,5.2,it,Drama,https://image.tmdb.org/t/p/netflix_movie_128.jpg
2007-10-30,Netflix Movie 129,This is the overview of Netflix Movie 129.,21.6,17825,8.8,fr,Drama,https://image.tmdb.org/t/p/netflix_movie_129.jpg
2016-09-10,Netflix Movie 130,This is the overview of Netflix Movie 130.,86.9,33759,5.1,ja,Action,https://image.tmdb.org/t/p/netflix_movie_130.jpg
2019-01-27,Netflix Movie 131,This is the overview of Netflix Movie 131.,207.8,31957,6.3,pt,Animation,https://image.tmdb.org/t/p/netflix_movie_131.jpg
2012-03-20,Netflix Movie 132,This is the overview of Netflix Movie 132.,162.6,4217,4.9,es,Comedy,https://image.tmdb.org/t/p/netflix_movie_132.jpg
2014-08-13,Netflix Movie 133,This is the overview of Netflix Movie 133.,289.0,32296,6.8,ko,Action,https://image.tmdb.org/t/p/netflix_movie_133.jpg
2024-05-10,Netflix Movie 134,This is the overview of Netflix Movie 134.,111.4,31889,5.8,ko,Romance,https://image.tmdb.org/t/p/netflix_movie_134.jpg
2020-03-02,Netflix Movie 135,This is the overview of Netflix Movie 135.,234.4,29297,5.0,ja,Comedy,https://image.tmdb.org/t/p/netflix_movie_135.jpg
2000-08-16,Netflix Movie 136,This is the overview of Netflix Movie 136.,277.8,44772,7.3,es,Animation,https://image.tmdb.org/t/p/netflix_movie_136.jpg
2022-06-21,Netflix Movie 137,This is the overview of Netflix Movie 137.,182.8,15841,6.9,ja,Documentary,https://image.tmdb.org/t/p/netflix_movie_137.jpg
2003-09-30,Netflix Movie 138,This is the overview of Netflix Movie 138.,274.9,36965,4.6,it,Sci-Fi,https://image.tmdb.org/t/p/netflix_movie_138.jpg
2013-07-16,Netflix Movie 139,This is the overview of Netflix Movie 139.,109.4,40030,4.2,ja,Sci-Fi,https://image.tmdb.org/t/p/netflix_movie_139.jpg
2011-11-20,Netflix Movie 140,This is the overview of Netflix Movie 140.,131.9,47760,7.8,pt,Comedy,https://image.tmdb.org/t/p/netflix_movie_140.jpg
2000-06-18,Netflix Movie 141,This is the overview of Netflix Movie 141.,89.7,5720,7.3,de,Romance,https://image.tmdb.org/t/p/netflix_movie_141.jpg
2013-01-25,Netflix Movie 142,This is the overview of Netflix Movie 142.,269.3,5782,9.1,fr,Romance,https://image.tmdb.org/t/p/netflix_movie_142.jpg
2019-01-31,Netflix Movie 143,This is the overview of Netflix Movie 143.,163.6,9449,6.6,ko,Sci-Fi,https://image.tmdb.org/t/p/netflix_movie_143.jpg
2009-09-05,Netflix Movie 144,This is the overview of Netflix Movie 144.,177.0,39623,5.7,de,Sci-Fi,https://image.tmdb.org/t/p/netflix_movie_144.jpg
2018-11-23,Netflix Movie 145,This is the overview of Netflix Movie 145.,129.5,7845,6.8,fr,Documentary,https://image.tmdb.org/t/p/netflix_movie_145.jpg
2020-10-03,Netflix Movie 146,This is the overview of Netflix Movie 146.,29.6,37834,9.2,en,Thriller,https://image.tmdb.org/t/p/netflix_movie_146.jpg
2002-02-22,Netflix Movie 147,This is the overview of Netflix Movie 147.,109.2,10754,6.0,es,Thriller,https://image.tmdb.org/t/p/netflix_movie_147.jpg
2010-12-30,Netflix Movie 148,This is the overview of Netflix Movie 148.,59.7,36447,7.5,de,Sci-Fi,https://image.tmdb.org/t/p/netflix_movie_148.jpg
2013-08-05,Netflix Movie 149,This is the overview of Netflix Movie 149.,211.9,149,6.8,pt,Comedy,https://image.tmdb.org/t/p/netflix_movie_149.jpg
2021-11-20,Netflix Movie 150,This is the overview of Netflix Movie 150.,23.9,6163,5.1,ko,Romance,https://image.tmdb.org/t/p/netflix_movie_150.jpg
2019-12-09,Netflix Movie 151,This is the overview of Netflix Movie 151.,43.1,7322,9.5,es,Horror,https://image.tmdb.org/t/p/netflix_movie_151.jpg
2020-10-25,Netflix Movie 152,This is the overview of Netflix Movie 152.,155.1,28907,4.6,de,Drama,https://image.tmdb.org/t/p/netflix_movie_152.jpg
2000-06-20,Netflix Movie 153,This is the overview of Netflix Movie 153.,42.0,15061,5.6,en,Animation,https://image.tmdb.org/t/p/netflix_movie_153.jpg
2018-11-06,Netflix Movie 154,This is the overview of Netflix Movie 154.,268.6,35859,7.6,ja,Action,https://image.tmdb.org/t/p/netflix_movie_154.jpg
2023-02-12,Netflix Movie 155,This is the overview of Netflix Movie 155.,132.6,29095,8.0,pt,Sci-Fi,https://image.tmdb.org/t/p/netflix_movie_155.jpg
2009-05-02,Netflix Movie 156,This is the overview of Netflix Movie 156.,119.4,4374,7.5,pt,Romance,https://image.tmdb.org/t/p/netflix_movie_156.jpg
2016-06-04,Netflix Movie 157,This is the overview of Netflix Movie 157.,188.4,28186,5.4,ko,Drama,https://image.tmdb.org/t/p/netflix_movie_157.jpg
2009-01-13,Netflix Movie 158,This is the overview of Netflix Movie 158.,109.1,11495,8.5,fr,Sci-Fi,https://image.tmdb.org/t/p/netflix_movie_158.jpg
2008-02-13,Netflix Movie 159,This is the overview of Netflix Movie 159.,121.7,847,4.5,ko,Documentary,https://image.tmdb.org/t/p/netflix_movie_159.jpg
2009-06-14,Netflix Movie 160,This is the overview of Netflix Movie 160.,26.6,29283,6.5,de,Sci-Fi,https://image.tmdb.org/t/p/netflix_movie_160.jpg
2004-03-07,Netflix Movie 161,This is the overview of Netflix Movie 161.,56.8,34848,4.8,en,Romance,https://image.tmdb.org/t/p/netflix_movie_161.jpg
2023-10-15,Netflix Movie 162,This is the overview of Netflix Movie 162.,25.4,6066,4.3,ko,Animation,https://image.tmdb.org/t/p/netflix_movie_162.jpg
2007-04-23,Netflix Movie 163,This is the overview of Netflix Movie 163.,228.6,48827,5.2,es,Sci-Fi,https://image.tmdb.org/t/p/netflix_movie_163.jpg
2005-02-06,Netflix Movie 164,This is the overview of Netflix Movie 164.,174.3,21545,5.7,de,Comedy,https://image.tmdb.org/t/p/netflix_movie_164.jpg
2008-02-17,Netflix Movie 165,This is the overview of Netflix Movie 165.,90.6,5839,6.7,es,Drama,https://image.tmdb.org/t/p/netflix_movie_165.jpg
2000-04-01,Netflix Movie 166,This is the overview of Netflix Movie 166.,196.2,12367,5.5,pt,Action,https://image.tmdb.org/t/p/netflix_movie_166.jpg
2015-02-22,Netflix Movie 167,This is the overview of Netflix Movie 167.,278.7,11122,7.9,en,Romance,https://image.tmdb.org/t/p/netflix_movie_167.jpg
2005-01-31,Netflix Movie 168,This is the overview of Netflix Movie 168.,218.3,37152,6.9,ja,Horror,https://image.tmdb.org/t/p/netflix_movie_168.jpg
2015-07-01,Netflix Movie 169,This is the overview of Netflix Movie 169.,24.3,36104,5.4,fr,Horror,https://image.tmdb.org/t/p/netflix_movie_169.jpg
2014-02-08,Netflix Movie 170,This is the overview of Netflix Movie 170.,170.9,24921,9.1,ja,Thriller,https://image.tmdb.org/t/p/netflix_movie_170.jpg
2016-06-21,Netflix Movie 171,This is the overview of Netflix Movie 171.,196.7,8409,5.8,ja,Comedy,https://image.tmdb.org/t/p/netflix_movie_171.jpg
2009-01-02,Netflix Movie 172,This is the overview of Netflix Movie 172.,118.3,9888,8.4,de,Animation,https://image.tmdb.org/t/p/netflix_movie_172.jpg
2009-02-07,Netflix Movie 173,This is the overview of Netflix Movie 173.,111.6,1707,8.6,it,Thriller,https://image.tmdb.org/t/p/netflix_movie_173.jpg
2020-09-26,Netflix Movie 174,This is the overview of Netflix Movie 174.,11.5,11001,7.1,pt,Comedy,https://image.tmdb.org/t/p/netflix_movie_174.jpg
2006-12-09,Netflix Movie 175,This is the overview of Netflix Movie 175.,26.1,40783,7.4,ja,Animation,https://image.tmdb.org/t/p/netflix_movie_175.jpg
2001-12-25,Netflix Movie 176,This is the overview of Netflix Movie 176.,190.0,31954,6.5,fr,Animation,https://image.tmdb.org/t/p/netflix_movie_176.jpg
2010-09-25,Netflix Movie 177,This is the overview of Netflix Movie 177.,108.8,24957,7.6,en,Romance,https://image.tmdb.org/t/p/netflix_movie_177.jpg
2014-05-08,Netflix Movie 178,This is the overview of Netflix Movie 178.,260.6,29360,8.8,ko,Sci-Fi,https://image.tmdb.org/t/p/netflix_movie_178.jpg
2013-03-13,Netflix Movie 179,This is the overview of Netflix Movie 179.,145.6,44067,7.0,de,Horror,https://image.tmdb.org/t/p/netflix_movie_179.jpg
2009-11-23,Netflix Movie 180,This is the overview of Netflix Movie 180.,175.8,46767,5.0,fr,Horror,https://image.tmdb.org/t/p/netflix_movie_180.jpg
2014-06-13,Netflix Movie 181,This is the overview of Netflix Movie 181.,270.4,18858,5.3,en,Comedy,https://image.tmdb.org/t/p/netflix_movie_181.jpg
2011-11-05,Netflix Movie 182,This is the overview of Netflix Movie 182.,246.0,9542,4.8,ko,Animation,https://image.tmdb.org/t/p/netflix_movie_182.jpg
2015-04-14,Netflix Movie 183,This is the overview of Netflix Movie 183.,201.7,30416,9.1,fr,Sci-Fi,https://image.tmdb.org/t/p/netflix_movie_183.jpg
2016-01-24,Netflix Movie 184,This is the overview of Netflix Movie 184.,91.0,25369,8.4,de,Documentary,https://image.tmdb.org/t/p/netflix_movie_184.jpg
2015-04-06,Netflix Movie 185,This is the overview of Netflix Movie 185.,28.7,25811,7.0,es,Action,https://image.tmdb.org/t/p/netflix_movie_185.jpg
2011-09-16,Netflix Movie 186,This is the overview of Netflix Movie 186.,291.1,22751,5.5,es,Horror,https://image.tmdb.org/t/p/netflix_movie_186.jpg
2011-07-30,Netflix Movie 187,This is the overview of Netflix Movie 187.,155.1,8073,4.9,de,Action,https://image.tmdb.org/t/p/netflix_movie_187.jpg
2009-10-10,Netflix Movie 188,This is the overview of Netflix Movie 188.,42.9,3305,5.0,de,Romance,https://image.tmdb.org/t/p/netflix_movie_188.jpg
2013-01-04,Netflix Movie 189,This is the overview of Netflix Movie 189.,247.9,4893,8.1,de,Sci-Fi,https://image.tmdb.org/t/p/netflix_movie_189.jpg
2010-02-13,Netflix Movie 190,This is the overview of Netflix Movie 190.,73.2,38406,8.7,es,Romance,https://image.tmdb.org/t/p/netflix_movie_190.jpg
2000-10-11,Netflix Movie 191,This is the overview of Netflix Movie 191.,240.2,183,9.4,pt,Drama,https://image.tmdb.org/t/p/netflix_movie_191.jpg
2000-01-03,Netflix Movie 192,This is the overview of Netflix Movie 192.,18.8,49118,9.5,ja,Thriller,https://image.tmdb.org/t/p/netflix_movie_192.jpg
2018-05-16,Netflix Movie 193,This is the overview of Netflix Movie 193.,220.2,4633,6.8,en,Thriller,https://image.tmdb.org/t/p/netflix_movie_193.jpg
2009-04-13,Netflix Movie 194,This is the overview of Netflix Movie 194.,176.5,48946,8.0,it,Documentary,https://image.tmdb.org/t/p/netflix_movie_194.jpg
2005-12-16,Netflix Movie 195,This is the overview of Netflix Movie 195.,84.7,9091,7.3,es,Drama,https://image.tmdb.org/t/p/netflix_movie_195.jpg
2005-10-10,Netflix Movie 196,This is the overview of Netflix Movie 196.,124.2,48598,5.1,ja,Romance,https://image.tmdb.org/t/p/netflix_movie_196.jpg
2010-07-24,Netflix Movie 197,This is the overview of Netflix Movie 197.,132.0,16382,6.4,es,Animation,https://image.tmdb.org/t/p/netflix_movie_197.jpg
2020-01-02,Netflix Movie 198,This is the overview of Netflix Movie 198.,45.8,37142,4.9,ko,Horror,https://image.tmdb.org/t/p/netflix_movie_198.jpg
2005-08-29,Netflix Movie 199,This is the overview of Netflix Movie 199.,20.5,12769,8.7,en,Drama,https://image.tmdb.org/t/p/netflix_movie_199.jpg
2016-01-03,Netflix Movie 200,This is the overview of Netflix Movie 200.,156.6,19285,4.9,es,Horror,https://image.tmdb.org/t/p/netflix_movie_200.jpg
2011-03-14,Netflix Movie 201,This is the overview of Netflix Movie 201.,295.5,11835,7.0,ja,Thriller,https://image.tmdb.org/t/p/netflix_movie_201.jpg
2022-05-11,Netflix Movie 202,This is the overview of Netflix Movie 202.,218.5,29573,6.5,it,Sci-Fi,https://image.tmdb.org/t/p/netflix_movie_202.jpg
2007-12-17,Netflix Movie 203,This is the overview of Netflix Movie 203.,58.3,16621,5.5,es,Action,https://image.tmdb.org/t/p/netflix_movie_203.jpg
2016-08-14,Netflix Movie 204,This is the overview of Netflix Movie 204.,18.2,41239,7.6,es,Comedy,https://image.tmdb.org/t/p/netflix_movie_204.jpg
2014-08-14,Netflix Movie 205,This is the overview of Netflix Movie 205.,268.0,35866,6.7,es,Animation,https://image.tmdb.org/t/p/netflix_movie_205.jpg
2004-02-08,Netflix Movie 206,This is the overview of Netflix Movie 206.,59.1,8906,7.3,es,Romance,https://image.tmdb.org/t/p/netflix_movie_206.jpg
2003-09-07,Netflix Movie 207,This is the overview of Netflix Movie 207.,108.6,19686,5.4,ja,Horror,https://image.tmdb.org/t/p/netflix_movie_207.jpg
2011-07-26,Netflix Movie 208,This is the overview of Netflix Movie 208.,195.7,975,5.5,en,Horror,https://image.tmdb.org/t/p/netflix_movie_208.jpg
2011-06-20,Netflix Movie 209,This is the overview of Netflix Movie 209.,141.4,42709,5.3,de,Romance,https://image.tmdb.org/t/p/netflix_movie_209.jpg
2020-09-23,Netflix Movie 210,This is the overview of Netflix Movie 210.,62.9,37089,5.5,ja,Horror,https://image.tmdb.org/t/p/netflix_movie_210.jpg
2013-09-29,Netflix Movie 211,This is the overview of Netflix Movie 211.,283.2,9518,8.7,es,Documentary,https://image.tmdb.org/t/p/netflix_movie_211.jpg
2018-10-06,Netflix Movie 212,This is the overview of Netflix Movie 212.,237.0,20918,4.3,fr,Thriller,https://image.tmdb.org/t/p/netflix_movie_212.jpg
2011-03-20,Netflix Movie 213,This is the overview of Netflix Movie 213.,133.9,21418,7.4,ja,Documentary,https://image.tmdb.org/t/p/netflix_movie_213.jpg
2005-03-28,Netflix Movie 214,This is the overview of Netflix Movie 214.,236.5,37686,4.7,es,Thriller,https://image.tmdb.org/t/p/netflix_movie_214.jpg
2004-07-22,Netflix Movie 215,This is the overview of Netflix Movie 215.,51.2,5640,9.2,de,Action,https://image.tmdb.org/t/p/netflix_movie_215.jpg
2001-03-24,Netflix Movie 216,This is the overview of Netflix Movie 216.,222.4,19010,8.7,en,Documentary,https://image.tmdb.org/t/p/netflix_movie_216.jpg
2004-11-25,Netflix Movie 217,This is the overview of Netflix Movie 217.,20.3,39976,4.2,es,Animation,https://image.tmdb.org/t/p/netflix_movie_217.jpg
2000-01-04,Netflix Movie 218,This is the overview of Netflix Movie 218.,174.7,8032,6.9,ja,Sci-Fi,https://image.tmdb.org/t/p/netflix_movie_218.jpg
2013-10-08,Netflix Movie 219,This is the overview of Netflix Movie 219.,63.8,43245,6.2,ja,Horror,https://image.tmdb.org/t/p/netflix_movie_219.jpg
2024-03-21,Netflix Movie 220,This is the overview of Netflix Movie 220.,147.4,34207,4.5,es,Animation,https://image.tmdb.org/t/p/netflix_movie_220.jpg
2015-01-20,Netflix Movie 221,This is the overview of Netflix Movie 221.,211.2,45466,6.8,es,Comedy,https://image.tmdb.org/t/p/netflix_movie_221.jpg
2024-07-28,Netflix Movie 222,This is the overview of Netflix Movie 222.,293.1,6967,6.6,pt,Horror,https://image.tmdb.org/t/p/netflix_movie_222.jpg
2002-10-20,Netflix Movie 223,This is the overview of Netflix Movie 223.,291.1,1553,7.8,fr,Horror,https://image.tmdb.org/t/p/netflix_movie_223.jpg
2013-01-26,Netflix Movie 224,This is the overview of Netflix Movie 224.,100.4,31023,5.7,ja,Comedy,https://image.tmdb.org/t/p/netflix_movie_224.jpg
2022-01-20,Netflix Movie 225,This is the overview of Netflix Movie 225.,44.3,101,6.8,ko,Sci-Fi,https://image.tmdb.org/t/p/netflix_movie_225.jpg
2005-01-02,Netflix Movie 226,This is the overview of Netflix Movie 226.,286.8,37535,7.3,ko,Drama,https://image.tmdb.org/t/p/netflix_movie_226.jpg
2009-01-04,Netflix Movie 227,This is the overview of Netflix Movie 227.,298.2,45540,6.8,pt,Documentary,https://image.tmdb.org/t/p/netflix_movie_227.jpg
2024-05-25,Netflix Movie 228,This is the overview of Netflix Movie 228.,154.8,42582,9.3,en,Thriller,https://image.tmdb.org/t/p/netflix_movie_228.jpg
2008-10-30,Netflix Movie 229,This is the overview of Netflix Movie 229.,84.1,20136,4.8,it,Documentary,https://image.tmdb.org/t/p/netflix_movie_229.jpg
2008-02-11,Netflix Movie 230,This is the overview of Netflix Movie 230.,68.1,18441,4.1,fr,Action,https://image.tmdb.org/t/p/netflix_movie_230.jpg
2014-06-16,Netflix Movie 231,This is the overview of Netflix Movie 231.,223.1,39267,4.3,es,Animation,https://image.tmdb.org/t/p/netflix_movie_231.jpg
2014-10-12,Netflix Movie 232,This is the overview of Netflix Movie 232.,81.6,2655,4.2,de,Horror,https://image.tmdb.org/t/p/netflix_movie_232.jpg
2024-08-07,Netflix Movie 233,This is the overview of Netflix Movie 233.,159.8,6186,9.3,ko,Drama,https://image.tmdb.org/t/p/netflix_movie_233.jpg
2017-10-08,Netflix Movie 234,This is the overview of Netflix Movie 234.,165.6,3020,9.4,it,Thriller,https://image.tmdb.org/t/p/netflix_movie_234.jpg
2017-12-26,Netflix Movie 235,This is the overview of Netflix Movie 235.,118.6,27187,4.4,fr,Action,https://image.tmdb.org/t/p/netflix_movie_235.jpg
2011-08-27,Netflix Movie 236,This is the overview of Netflix Movie 236.,92.6,47338,5.7,en,Documentary,https://image.tmdb.org/t/p/netflix_movie_236.jpg
2008-07-04,Netflix Movie 237,This is the overview of Netflix Movie 237.,152.1,48616,6.4,ko,Romance,https://image.tmdb.org/t/p/netflix_movie_237.jpg
2010-10-23,Netflix Movie 238,This is the overview of Netflix Movie 238.,104.5,1560,7.7,it,Sci-Fi,https://image.tmdb.org/t/p/netflix_movie_238.jpg
2009-09-06,Netflix Movie 239,This is the overview of Netflix Movie 239.,162.5,34433,6.9,ko,Action,https://image.tmdb.org/t/p/netflix_movie_239.jpg
2009-07-12,Netflix Movie 240,This is the overview of Netflix Movie 240.,288.3,47400,4.0,es,Action,https://image.tmdb.org/t/p/netflix_movie_240.jpg
2016-09-06,Netflix Movie 241,This is the overview of Netflix Movie 241.,75.6,28745,7.9,en,Comedy,https://image.tmdb.org/t/p/netflix_movie_241.jpg
2001-10-19,Netflix Movie 242,This is the overview of Netflix Movie 242.,254.7,45912,7.1,ja,Comedy,https://image.tmdb.org/t/p/netflix_movie_242.jpg
2014-12-28,Netflix Movie 243,This is the overview of Netflix Movie 243.,116.1,43897,8.8,pt,Comedy,https://image.tmdb.org/t/p/netflix_movie_243.jpg
2015-02-11,Netflix Movie 244,This is the overview of Netflix Movie 244.,244.7,47600,7.9,de,Action,https://image.tmdb.org/t/p/netflix_movie_244.jpg
2015-07-08,Netflix Movie 245,This is the overview of Netflix Movie 245.,42.8,21109,5.9,it,Thriller,https://image.tmdb.org/t/p/netflix_movie_245.jpg
2000-03-26,Netflix Movie 246,This is the overview of Netflix Movie 246.,28.0,15038,6.8,fr,Comedy,https://image.tmdb.org/t/p/netflix_movie_246.jpg
2017-05-31,Netflix Movie 247,This is the overview of Netflix Movie 247.,240.9,29527,5.4,fr,Drama,https://image.tmdb.org/t/p/netflix_movie_247.jpg
2020-04-02,Netflix Movie 248,This is the overview of Netflix Movie 248.,239.6,32390,9.5,en,Sci-Fi,https://image.tmdb.org/t/p/netflix_movie_248.jpg
2002-08-20,Netflix Movie 249,This is the overview of Netflix Movie 249.,211.7,30402,4.0,en,Comedy,https://image.tmdb.org/t/p/netflix_movie_249.jpg
2004-04-11,Netflix Movie 250,This is the overview of Netflix Movie 250.,106.5,30733,7.0,en,Thriller,https://image.tmdb.org/t/p/netflix_movie_250.jpg
2018-04-18,Netflix Movie 251,This is the overview of Netflix Movie 251.,63.9,22098,8.3,de,Comedy,https://image.tmdb.org/t/p/netflix_movie_251.jpg
2021-04-15,Netflix Movie 252,This is the overview of Netflix Movie 252.,281.6,3932,4.8,de,Horror,https://image.tmdb.org/t/p/netflix_movie_252.jpg
2023-12-27,Netflix Movie 253,This is the overview of Netflix Movie 253.,168.5,1204,5.6,ja,Horror,https://image.tmdb.org/t/p/netflix_movie_253.jpg
2018-10-20,Netflix Movie 254,This is the overview of Netflix Movie 254.,67.5,29007,8.5,es,Action,https://image.tmdb.org/t/p/netflix_movie_254.jpg
2008-03-24,Netflix Movie 255,This is the overview of Netflix Movie 255.,192.2,48666,7.8,fr,Sci-Fi,https://image.tmdb.org/t/p/netflix_movie_255.jpg
2018-10-10,Netflix Movie 256,This is the overview of Netflix Movie 256.,260.8,40635,6.2,it,Animation,https://image.tmdb.org/t/p/netflix_movie_256.jpg
2001-05-25,Netflix Movie 257,This is the overview of Netflix Movie 257.,38.7,46079,9.3,ja,Horror,https://image.tmdb.org/t/p/netflix_movie_257.jpg
2009-04-14,Netflix Movie 258,This is the overview of Netflix Movie 258.,230.8,2996,8.5,es,Drama,https://image.tmdb.org/t/p/netflix_movie_258.jpg
2017-06-08,Netflix Movie 259,This is the overview of Netflix Movie 259.,183.8,40732,7.8,ja,Action,https://image.tmdb.org/t/p/netflix_movie_259.jpg
2010-03-02,Netflix Movie 260,This is the overview of Netflix Movie 260.,160.5,24280,5.7,ko,Documentary,https://image.tmdb.org/t/p/netflix_movie_260.jpg
2015-02-19,Netflix Movie 261,This is the overview of Netflix Movie 261.,142.7,35550,4.9,en,Thriller,https://image.tmdb.org/t/p/netflix_movie_261.jpg
2005-05-28,Netflix Movie 262,This is the overview of Netflix Movie 262.,234.3,40585,8.8,ko,Thriller,https://image.tmdb.org/t/p/netflix_movie_262.jpg
2015-09-26,Netflix Movie 263,This is the overview of Netflix Movie 263.,20.4,30010,7.7,pt,Sci-Fi,https://image.tmdb.org/t/p/netflix_movie_263.jpg
2016-04-01,Netflix Movie 264,This is the overview of Netflix Movie 264.,292.3,33510,5.0,de,Romance,https://image.tmdb.org/t/p/netflix_movie_264.jpg
2003-07-06,Netflix Movie 265,This is the overview of Netflix Movie 265.,164.4,7812,9.4,it,Romance,https://image.tmdb.org/t/p/netflix_movie_265.jpg
2023-08-10,Netflix Movie 266,This is the overview of Netflix Movie 266.,97.4,19858,5.2,it,Horror,https://image.tmdb.org/t/p/netflix_movie_266.jpg
2016-04-19,Netflix Movie 267,This is the overview of Netflix Movie 267.,46.2,27006,6.5,en,Drama,https://image.tmdb.org/t/p/netflix_movie_267.jpg
2018-10-24,Netflix Movie 268,This is the overview of Netflix Movie 268.,60.3,22534,8.3,pt,Thriller,https://image.tmdb.org/t/p/netflix_movie_268.jpg
2001-12-07,Netflix Movie 269,This is the overview of Netflix Movie 269.,132.5,36423,7.9,de,Drama,https://image.tmdb.org/t/p/netflix_movie_269.jpg
2015-12-15,Netflix Movie 270,This is the overview of Netflix Movie 270.,173.3,11492,8.0,es,Horror,https://image.tmdb.org/t/p/netflix_movie_270.jpg
2002-04-15,Netflix Movie 271,This is the overview of Netflix Movie 271.,28.5,31500,5.3,pt,Horror,https://image.tmdb.org/t/p/netflix_movie_271.jpg
2008-06-19,Netflix Movie 272,This is the overview of Netflix Movie 272.,18.8,45244,7.1,es,Drama,https://image.tmdb.org/t/p/netflix_movie_272.jpg
2020-09-07,Netflix Movie 273,This is the overview of Netflix Movie 273.,213.0,7011,6.1,de,Romance,https://image.tmdb.org/t/p/netflix_movie_273.jpg
2010-08-17,Netflix Movie 274,This is the overview of Netflix Movie 274.,289.2,29917,4.8,de,Romance,https://image.tmdb.org/t/p/netflix_movie_274.jpg
2021-04-27,Netflix Movie 275,This is the overview of Netflix Movie 275.,211.1,43978,5.6,ja,Horror,https://image.tmdb.org/t/p/netflix_movie_275.jpg
2018-12-09,Netflix Movie 276,This is the overview of Netflix Movie 276.,204.8,23525,9.1,en,Animation,https://image.tmdb.org/t/p/netflix_movie_276.jpg
2014-01-23,Netflix Movie 277,This is the overview of Netflix Movie 277.,296.4,9535,9.2,en,Sci-Fi,https://image.tmdb.org/t/p/netflix_movie_277.jpg
2013-06-30,Netflix Movie 278,This is the overview of Netflix Movie 278.,146.1,5663,4.4,it,Horror,https://image.tmdb.org/t/p/netflix_movie_278.jpg
2001-11-12,Netflix Movie 279,This is the overview of Netflix Movie 279.,290.6,3338,5.1,fr,Animation,https://image.tmdb.org/t/p/netflix_movie_279.jpg
2022-07-31,Netflix Movie 280,This is the overview of Netflix Movie 280.,182.1,2511,4.9,en,Comedy,https://image.tmdb.org/t/p/netflix_movie_280.jpg
2010-03-26,Netflix Movie 281,This is the overview of Netflix Movie 281.,123.8,1327,7.7,es,Documentary,https://image.tmdb.org/t/p/netflix_movie_281.jpg
2003-12-26,Netflix Movie 282,This is the overview of Netflix Movie 282.,293.0,15926,5.0,it,Drama,https://image.tmdb.org/t/p/netflix_movie_282.jpg
2014-09-09,Netflix Movie 283,This is the overview of Netflix Movie 283.,161.1,39449,7.4,pt,Romance,https://image.tmdb.org/t/p/netflix_movie_283.jpg
2005-12-08,Netflix Movie 284,This is the overview of Netflix Movie 284.,196.3,17137,5.8,es,Documentary,https://image.tmdb.org/t/p/netflix_movie_284.jpg
2019-11-10,Netflix Movie 285,This is the overview of Netflix Movie 285.,102.6,6509,5.3,it,Sci-Fi,https://image.tmdb.org/t/p/netflix_movie_285.jpg
2011-08-08,Netflix Movie 286,This is the overview of Netflix Movie 286.,274.0,18260,8.0,ja,Animation,https://image.tmdb.org/t/p/netflix_movie_286.jpg
2023-04-13,Netflix Movie 287,This is the overview of Netflix Movie 287.,231.0,35910,5.0,es,Thriller,https://image.tmdb.org/t/p/netflix_movie_287.jpg
2012-09-17,Netflix Movie 288,This is the overview of Netflix Movie 288.,228.7,44470,8.4,it,Comedy,https://image.tmdb.org/t/p/netflix_movie_288.jpg
2014-04-05,Netflix Movie 289,This is the overview of Netflix Movie 289.,223.2,18020,8.2,it,Action,https://image.tmdb.org/t/p/netflix_movie_289.jpg
2006-02-19,Netflix Movie 290,This is the overview of Netflix Movie 290.,24.8,5210,4.4,ja,Romance,https://image.tmdb.org/t/p/netflix_movie_290.jpg
2013-12-20,Netflix Movie 291,This is the overview of Netflix Movie 291.,277.8,45469,6.0,ko,Sci-Fi,https://image.tmdb.org/t/p/netflix_movie_291.jpg
2024-02-14,Netflix Movie 292,This is the overview of Netflix Movie 292.,130.5,19589,5.1,en,Sci-Fi,https://image.tmdb.org/t/p/netflix_movie_292.jpg
2000-01-18,Netflix Movie 293,This is the overview of Netflix Movie 293.,245.1,11093,5.8,ko,Sci-Fi,https://image.tmdb.org/t/p/netflix_movie_293.jpg
2013-05-12,Netflix Movie 294,This is the overview of Netflix Movie 294.,54.2,23655,7.9,en,Horror,https://image.tmdb.org/t/p/netflix_movie_294.jpg
2002-11-03,Netflix Movie 295,This is the overview of Netflix Movie 295.,142.6,23235,4.6,ko,Sci-Fi,https://image.tmdb.org/t/p/netflix_movie_295.jpg
2000-12-22,Netflix Movie 296,This is the overview of Netflix Movie 296.,61.0,30877,6.0,en,Animation,https://image.tmdb.org/t/p/netflix_movie_296.jpg
2012-07-13,Netflix Movie 297,This is the overview of Netflix Movie 297.,159.6,46275,6.1,fr,Drama,https://image.tmdb.org/t/p/netflix_movie_297.jpg
2009-03-15,Netflix Movie 298,This is the overview of Netflix Movie 298.,204.5,25491,8.7,fr,Comedy,https://image.tmdb.org/t/p/netflix_movie_298.jpg
2004-03-28,Netflix Movie 299,This is the overview of Netflix Movie 299.,248.3,22400,6.9,it,Documentary,https://image.tmdb.org/t/p/netflix_movie_299.jpg
2017-12-15,Netflix Movie 300,This is the overview of Netflix Movie 300.,212.3,29333,6.8,ko,Drama,https://image.tmdb.org/t/p/netflix_movie_300.jpg
2001-12-21,Netflix Movie 301,This is the overview of Netflix Movie 301.,180.4,9143,6.6,ja,Comedy,https://image.tmdb.org/t/p/netflix_movie_301.jpg
2002-10-31,Netflix Movie 302,This is the overview of Netflix Movie 302.,201.3,6629,7.3,en,Documentary,https://image.tmdb.org/t/p/netflix_movie_302.jpg
2009-12-31,Netflix Movie 303,This is the overview of Netflix Movie 303.,109.6,32639,8.3,it,Action,https://image.tmdb.org/t/p/netflix_movie_303.jpg
2023-11-29,Netflix Movie 304,This is the overview of Netflix Movie 304.,76.9,13288,7.1,ko,Sci-Fi,https://image.tmdb.org/t/p/netflix_movie_304.jpg
2019-07-28,Netflix Movie 305,This is the overview of Netflix Movie 305.,122.6,15538,6.3,ja,Comedy,https://image.tmdb.org/t/p/netflix_movie_305.jpg
2000-08-18,Netflix Movie 306,This is the overview of Netflix Movie 306.,248.4,14173,7.9,pt,Thriller,https://image.tmdb.org/t/p/netflix_movie_306.jpg
2016-03-10,Netflix Movie 307,This is the overview of Netflix Movie 307.,27.9,40947,7.7,en,Drama,https://image.tmdb.org/t/p/netflix_movie_307.jpg
2000-08-17,Netflix Movie 308,This is the overview of Netflix Movie 308.,156.4,46410,6.4,en,Thriller,https://image.tmdb.org/t/p/netflix_movie_308.jpg
2006-01-25,Netflix Movie 309,This is the overview of Netflix Movie 309.,111.3,44399,7.0,it,Animation,https://image.tmdb.org/t/p/netflix_movie_309.jpg
2024-06-12,Netflix Movie 310,This is the overview of Netflix Movie 310.,268.3,14950,8.4,fr,Romance,https://image.tmdb.org/t/p/netflix_movie_310.jpg
2013-05-29,Netflix Movie 311,This is the overview of Netflix Movie 311.,135.5,9053,7.9,pt,Comedy,https://image.tmdb.org/t/p/netflix_movie_311.jpg
2003-07-17,Netflix Movie 312,This is the overview of Netflix Movie 312.,99.2,13473,8.0,de,Horror,https://image.tmdb.org/t/p/netflix_movie_312.jpg
2008-04-18,Netflix Movie 313,This is the overview of Netflix Movie 313.,92.2,40299,4.7,de,Documentary,https://image.tmdb.org/t/p/netflix_movie_313.jpg
2020-05-11,Netflix Movie 314,This is the overview of Netflix Movie 314.,268.1,47971,9.5,es,Romance,https://image.tmdb.org/t/p/netflix_movie_314.jpg
2022-04-20,Netflix Movie 315,This is the overview of Netflix Movie 315.,248.8,33995,5.1,de,Drama,https://image.tmdb.org/t/p/netflix_movie_315.jpg
2024-02-19,Netflix Movie 316,This is the overview of Netflix Movie 316.,144.2,3163,6.8,ja,Thriller,https://image.tmdb.org/t/p/netflix_movie_316.jpg
2010-07-17,Netflix Movie 317,This is the overview of Netflix Movie 317.,284.0,31213,5.8,de,Drama,https://image.tmdb.org/t/p/netflix_movie_317.jpg
2015-03-27,Netflix Movie 318,This is the overview of Netflix Movie 318.,186.6,43150,5.0,es,Thriller,https://image.tmdb.org/t/p/netflix_movie_318.jpg
2011-09-21,Netflix Movie 319,This is the overview of Netflix Movie 319.,99.4,41556,6.2,en,Action,https://image.tmdb.org/t/p/netflix_movie_319.jpg
2022-12-15,Netflix Movie 320,This is the overview of Netflix Movie 320.,95.7,24459,7.1,it,Comedy,https://image.tmdb.org/t/p/netflix_movie_320.jpg
2003-07-20,Netflix Movie 321,This is the overview of Netflix Movie 321.,214.3,33876,7.2,it,Sci-Fi,https://image.tmdb.org/t/p/netflix_movie_321.jpg
2015-08-25,Netflix Movie 322,This is the overview of Netflix Movie 322.,158.9,30459,9.0,pt,Animation,https://image.tmdb.org/t/p/netflix_movie_322.jpg
2017-05-06,Netflix Movie 323,This is the overview of Netflix Movie 323.,93.2,38164,6.5,de,Horror,https://image.tmdb.org/t/p/netflix_movie_323.jpg
2008-09-10,Netflix Movie 324,This is the overview of Netflix Movie 324.,280.6,46201,5.3,fr,Thriller,https://image.tmdb.org/t/p/netflix_movie_324.jpg
2008-03-23,Netflix Movie 325,This is the overview of Netflix Movie 325.,21.6,5397,5.1,fr,Drama,https://image.tmdb.org/t/p/netflix_movie_325.jpg
2014-10-21,Netflix Movie 326,This is the overview of Netflix Movie 326.,154.5,39535,5.0,es,Action,https://image.tmdb.org/t/p/netflix_movie_326.jpg
2011-01-19,Netflix Movie 327,This is the overview of Netflix Movie 327.,73.4,30188,7.5,ko,Comedy,https://image.tmdb.org/t/p/netflix_movie_327.jpg
2005-01-08,Netflix Movie 328,This is the overview of Netflix Movie 328.,198.8,9080,4.6,ko,Comedy,https://image.tmdb.org/t/p/netflix_movie_328.jpg
2001-12-28,Netflix Movie 329,This is the overview of Netflix Movie 329.,25.3,47725,7.7,es,Sci-Fi,https://image.tmdb.org/t/p/netflix_movie_329.jpg
2016-09-18,Netflix Movie 330,This is the overview of Netflix Movie 330.,223.6,3193,5.2,ko,Romance,https://image.tmdb.org/t/p/netflix_movie_330.jpg
2004-05-04,Netflix Movie 331,This is the overview of Netflix Movie 331.,120.9,13585,5.4,fr,Action,https://image.tmdb.org/t/p/netflix_movie_331.jpg
2018-02-28,Netflix Movie 332,This is the overview of Netflix Movie 332.,57.7,31573,5.2,de,Thriller,https://image.tmdb.org/t/p/netflix_movie_332.jpg
2013-05-22,Netflix Movie 333,This is the overview of Netflix Movie 333.,217.5,3102,4.4,ja,Sci-Fi,https://image.tmdb.org/t/p/netflix_movie_333.jpg
2000-05-31,Netflix Movie 334,This is the overview of Netflix Movie 334.,80.1,26650,5.2,it,Horror,https://image.tmdb.org/t/p/netflix_movie_334.jpg
2013-12-01,Netflix Movie 335,This is the overview of Netflix Movie 335.,101.3,3064,8.0,fr,Romance,https://image.tmdb.org/t/p/netflix_movie_335.jpg
2012-10-22,Netflix Movie 336,This is the overview of Netflix Movie 336.,87.2,21292,5.1,it,Drama,https://image.tmdb.org/t/p/netflix_movie_336.jpg
2003-01-05,Netflix Movie 337,This is the overview of Netflix Movie 337.,192.5,33479,4.1,fr,Horror,https://image.tmdb.org/t/p/netflix_movie_337.jpg
2014-09-21,Netflix Movie 338,This is the overview of Netflix Movie 338.,123.0,31284,4.0,en,Drama,https://image.tmdb.org/t/p/netflix_movie_338.jpg
2021-06-01,Netflix Movie 339,This is the overview of Netflix Movie 339.,178.9,8311,8.9,it,Animation,https://image.tmdb.org/t/p/netflix_movie_339.jpg
2006-06-12,Netflix Movie 340,This is the overview of Netflix Movie 340.,135.5,36499,4.3,es,Drama,https://image.tmdb.org/t/p/netflix_movie_340.jpg
2015-09-09,Netflix Movie 341,This is the overview of Netflix Movie 341.,40.8,10259,8.8,ko,Animation,https://image.tmdb.org/t/p/netflix_movie_341.jpg
2002-12-27,Netflix Movie 342,This is the overview of Netflix Movie 342.,24.4,10758,4.3,ko,Documentary,https://image.tmdb.org/t/p/netflix_movie_342.jpg
2014-08-02,Netflix Movie 343,This is the overview of Netflix Movie 343.,230.5,30311,5.3,ko,Drama,https://image.tmdb.org/t/p/netflix_movie_343.jpg
2005-06-28,Netflix Movie 344,This is the overview of Netflix Movie 344.,151.1,27920,5.8,ko,Action,https://image.tmdb.org/t/p/netflix_movie_344.jpg
2012-12-31,Netflix Movie 345,This is the overview of Netflix Movie 345.,176.4,26788,7.0,es,Animation,https://image.tmdb.org/t/p/netflix_movie_345.jpg
2005-12-24,Netflix Movie 346,This is the overview of Netflix Movie 346.,150.3,43144,7.1,de,Thriller,https://image.tmdb.org/t/p/netflix_movie_346.jpg
2021-06-07,Netflix Movie 347,This is the overview of Netflix Movie 347.,27.8,9438,4.2,fr,Drama,https://image.tmdb.org/t/p/netflix_movie_347.jpg
2021-12-09,Netflix Movie 348,This is the overview of Netflix Movie 348.,64.6,19390,5.4,pt,Romance,https://image.tmdb.org/t/p/netflix_movie_348.jpg
2021-11-23,Netflix Movie 349,This is the overview of Netflix Movie 349.,59.9,12345,4.3,de,Comedy,https://image.tmdb.org/t/p/netflix_movie_349.jpg
2002-05-05,Netflix Movie 350,This is the overview of Netflix Movie 350.,187.3,13361,6.5,de,Drama,https://image.tmdb.org/t/p/netflix_movie_350.jpg
2012-09-30,Netflix Movie 351,This is the overview of Netflix Movie 351.,122.8,11843,8.4,it,Drama,https://image.tmdb.org/t/p/netflix_movie_351.jpg
2007-10-27,Netflix Movie 352,This is the overview of Netflix Movie 352.,129.6,32958,9.1,pt,Sci-Fi,https://image.tmdb.org/t/p/netflix_movie_352.jpg
2019-10-27,Netflix Movie 353,This is the overview of Netflix Movie 353.,183.4,35464,6.2,fr,Animation,https://image.tmdb.org/t/p/netflix_movie_353.jpg
2012-12-07,Netflix Movie 354,This is the overview of Netflix Movie 354.,44.6,35887,5.6,it,Horror,https://image.tmdb.org/t/p/netflix_movie_354.jpg
2000-11-20,Netflix Movie 355,This is the overview of Netflix Movie 355.,219.4,11560,4.6,de,Sci-Fi,https://image.tmdb.org/t/p/netflix_movie_355.jpg
2013-04-17,Netflix Movie 356,This is the overview of Netflix Movie 356.,291.6,26122,7.4,de,Animation,https://image.tmdb.org/t/p/netflix_movie_356.jpg
2014-01-18,Netflix Movie 357,This is the overview of Netflix Movie 357.,117.9,27965,7.6,en,Action,https://image.tmdb.org/t/p/netflix_movie_357.jpg
2007-10-11,Netflix Movie 358,This is the overview of Netflix Movie 358.,133.0,42563,9.2,ja,Thriller,https://image.tmdb.org/t/p/netflix_movie_358.jpg
2005-01-21,Netflix Movie 359,This is the overview of Netflix Movie 359.,248.3,46356,4.8,ja,Comedy,https://image.tmdb.org/t/p/netflix_movie_359.jpg
2003-03-09,Netflix Movie 360,This is the overview of Netflix Movie 360.,280.1,15212,6.6,en,Drama,https://image.tmdb.org/t/p/netflix_movie_360.jpg
2022-09-09,Netflix Movie 361,This is the overview of Netflix Movie 361.,227.7,35568,7.5,en,Sci-Fi,https://image.tmdb.org/t/p/netflix_movie_361.jpg
2002-03-26,Netflix Movie 362,This is the overview of Netflix Movie 362.,195.0,42169,8.6,fr,Documentary,https://image.tmdb.org/t/p/netflix_movie_362.jpg
2005-05-20,Netflix Movie 363,This is the overview of Netflix Movie 363.,216.2,36016,4.9,fr,Thriller,https://image.tmdb.org/t/p/netflix_movie_363.jpg
2001-09-14,Netflix Movie 364,This is the overview of Netflix Movie 364.,140.8,37564,7.2,pt,Documentary,https://image.tmdb.org/t/p/netflix_movie_364.jpg
2018-05-25,Netflix Movie 365,This is the overview of Netflix Movie 365.,226.5,29724,8.6,ja,Animation,https://image.tmdb.org/t/p/netflix_movie_365.jpg
2003-05-23,Netflix Movie 366,This is the overview of Netflix Movie 366.,191.9,39883,5.9,en,Comedy,https://image.tmdb.org/t/p/netflix_movie_366.jpg
2008-11-01,Netflix Movie 367,This is the overview of Netflix Movie 367.,250.2,26849,6.3,ko,Comedy,https://image.tmdb.org/t/p/netflix_movie_367.jpg
2005-12-02,Netflix Movie 368,This is the overview of Netflix Movie 368.,78.8,30991,4.3,it,Comedy,https://image.tmdb.org/t/p/netflix_movie_368.jpg
2007-02-07,Netflix Movie 369,This is the overview of Netflix Movie 369.,123.9,26041,6.5,ko,Action,https://image.tmdb.org/t/p/netflix_movie_369.jpg
2014-06-12,Netflix Movie 370,This is the overview of Netflix Movie 370.,30.9,6750,4.2,de,Comedy,https://image.tmdb.org/t/p/netflix_movie_370.jpg
2014-12-04,Netflix Movie 371,This is the overview of Netflix Movie 371.,211.3,31299,4.5,es,Action,https://image.tmdb.org/t/p/netflix_movie_371.jpg
2023-01-25,Netflix Movie 372,This is the overview of Netflix Movie 372.,186.1,24158,4.6,pt,Comedy,https://image.tmdb.org/t/p/netflix_movie_372.jpg
2007-07-06,Netflix Movie 373,This is the overview of Netflix Movie 373.,70.6,28556,6.6,es,Comedy,https://image.tmdb.org/t/p/netflix_movie_373.jpg
2018-10-01,Netflix Movie 374,This is the overview of Netflix Movie 374.,190.5,41406,7.4,en,Horror,https://image.tmdb.org/t/p/netflix_movie_374.jpg
2011-07-01,Netflix Movie 375,This is the overview of Netflix Movie 375.,42.2,5593,8.6,ko,Drama,https://image.tmdb.org/t/p/netflix_movie_375.jpg
2007-04-21,Netflix Movie 376,This is the overview of Netflix Movie 376.,123.0,37489,9.4,de,Thriller,https://image.tmdb.org/t/p/netflix_movie_376.jpg
2011-05-14,Netflix Movie 377,This is the overview of Netflix Movie 377.,275.7,25553,4.0,ja,Drama,https://image.tmdb.org/t/p/netflix_movie_377.jpg
2015-06-17,Netflix Movie 378,This is the overview of Netflix Movie 378.,68.7,18472,5.0,de,Thriller,https://image.tmdb.org/t/p/netflix_movie_378.jpg
2002-01-04,Netflix Movie 379,This is the overview of Netflix Movie 379.,218.6,47359,6.7,de,Documentary,https://image.tmdb.org/t/p/netflix_movie_379.jpg
2007-08-05,Netflix Movie 380,This is the overview of Netflix Movie 380.,82.2,33432,8.5,pt,Documentary,https://image.tmdb.org/t/p/netflix_movie_380.jpg
2005-03-19,Netflix Movie 381,This is the overview of Netflix Movie 381.,187.0,9603,6.0,it,Documentary,https://image.tmdb.org/t/p/netflix_movie_381.jpg
2021-08-21,Netflix Movie 382,This is the overview of Netflix Movie 382.,39.8,14124,4.8,pt,Romance,https://image.tmdb.org/t/p/netflix_movie_382.jpg
2014-09-05,Netflix Movie 383,This is the overview of Netflix Movie 383.,211.9,18628,4.5,fr,Horror,https://image.tmdb.org/t/p/netflix_movie_383.jpg
2001-01-13,Netflix Movie 384,This is the overview of Netflix Movie 384.,123.2,45736,9.1,en,Sci-Fi,https://image.tmdb.org/t/p/netflix_movie_384.jpg
2021-01-13,Netflix Movie 385,This is the overview of Netflix Movie 385.,298.0,32569,4.6,fr,Action,https://image.tmdb.org/t/p/netflix_movie_385.jpg
2012-01-06,Netflix Movie 386,This is the overview of Netflix Movie 386.,87.4,39431,9.1,it,Drama,https://image.tmdb.org/t/p/netflix_movie_386.jpg
2009-03-13,Netflix Movie 387,This is the overview of Netflix Movie 387.,104.9,41070,7.6,it,Drama,https://image.tmdb.org/t/p/netflix_movie_387.jpg
2024-08-02,Netflix Movie 388,This is the overview of Netflix Movie 388.,104.3,2306,8.2,fr,Horror,https://image.tmdb.org/t/p/netflix_movie_388.jpg
2021-05-25,Netflix Movie 389,This is the overview of Netflix Movie 389.,232.6,14594,4.4,it,Horror,https://image.tmdb.org/t/p/netflix_movie_389.jpg
2021-03-08,Netflix Movie 390,This is the overview of Netflix Movie 390.,249.2,46566,6.0,fr,Action,https://image.tmdb.org/t/p/netflix_movie_390.jpg
2002-07-25,Netflix Movie 391,This is the overview of Netflix Movie 391.,143.5,38709,8.3,it,Romance,https://image.tmdb.org/t/p/netflix_movie_391.jpg
2021-10-19,Netflix Movie 392,This is the overview of Netflix Movie 392.,40.7,26557,5.4,en,Action,https://image.tmdb.org/t/p/netflix_movie_392.jpg
2004-03-27,Netflix Movie 393,This is the overview of Netflix Movie 393.,11.8,33890,7.0,ko,Documentary,https://image.tmdb.org/t/p/netflix_movie_393.jpg
2017-11-14,Netflix Movie 394,This is the overview of Netflix Movie 394.,48.7,29635,5.8,es,Sci-Fi,https://image.tmdb.org/t/p/netflix_movie_394.jpg
2024-04-15,Netflix Movie 395,This is the overview of Netflix Movie 395.,226.8,4012,9.5,en,Comedy,https://image.tmdb.org/t/p/netflix_movie_395.jpg
2019-04-27,Netflix Movie 396,This is the overview of Netflix Movie 396.,194.0,35061,9.0,pt,Drama,https://image.tmdb.org/t/p/netflix_movie_396.jpg
2004-06-29,Netflix Movie 397,This is the overview of Netflix Movie 397.,101.3,27929,7.4,en,Animation,https://image.tmdb.org/t/p/netflix_movie_397.jpg
2001-10-23,Netflix Movie 398,This is the overview of Netflix Movie 398.,11.0,26697,7.7,it,Drama,https://image.tmdb.org/t/p/netflix_movie_398.jpg
2024-01-02,Netflix Movie 399,This is the overview of Netflix Movie 399.,182.8,35632,6.8,it,Horror,https://image.tmdb.org/t/p/netflix_movie_399.jpg
2001-08-09,Netflix Movie 400,This is the overview of Netflix Movie 400.,33.6,36439,6.4,pt,Thriller,https://image.tmdb.org/t/p/netflix_movie_400.jpg
2023-06-01,Netflix Movie 401,This is the overview of Netflix Movie 401.,127.8,45722,8.9,pt,Action,https://image.tmdb.org/t/p/netflix_movie_401.jpg
2018-04-01,Netflix Movie 402,This is the overview of Netflix Movie 402.,165.9,13735,7.8,it,Documentary,https://image.tmdb.org/t/p/netflix_movie_402.jpg
2009-02-08,Netflix Movie 403,This is the overview of Netflix Movie 403.,252.4,25744,7.7,pt,Thriller,https://image.tmdb.org/t/p/netflix_movie_403.jpg
2002-01-27,Netflix Movie 404,This is the overview of Netflix Movie 404.,114.0,22460,5.1,es,Sci-Fi,https://image.tmdb.org/t/p/netflix_movie_404.jpg
2001-12-04,Netflix Movie 405,This is the overview of Netflix Movie 405.,236.8,35696,5.1,en,Animation,https://image.tmdb.org/t/p/netflix_movie_405.jpg
2008-08-29,Netflix Movie 406,This is the overview of Netflix Movie 406.,43.3,1947,8.5,ko,Thriller,https://image.tmdb.org/t/p/netflix_movie_406.jpg
2008-12-16,Netflix Movie 407,This is the overview of Netflix Movie 407.,115.5,28070,9.3,de,Documentary,https://image.tmdb.org/t/p/netflix_movie_407.jpg
2005-08-14,Netflix Movie 408,This is the overview of Netflix Movie 408.,137.3,33015,4.1,pt,Sci-Fi,https://image.tmdb.org/t/p/netflix_movie_408.jpg
2011-08-09,Netflix Movie 409,This is the overview of Netflix Movie 409.,157.2,15640,8.9,it,Action,https://image.tmdb.org/t/p/netflix_movie_409.jpg
2020-05-22,Netflix Movie 410,This is the overview of Netflix Movie 410.,239.5,43489,7.2,ja,Romance,https://image.tmdb.org/t/p/netflix_movie_410.jpg
2013-07-15,Netflix Movie 411,This is the overview of Netflix Movie 411.,111.5,28706,6.7,ko,Thriller,https://image.tmdb.org/t/p/netflix_movie_411.jpg
2011-04-27,Netflix Movie 412,This is the overview of Netflix Movie 412.,272.0,24804,9.1,ja,Animation,https://image.tmdb.org/t/p/netflix_movie_412.jpg
2020-12-02,Netflix Movie 413,This is the overview of Netflix Movie 413.,49.9,32654,4.1,ko,Horror,https://image.tmdb.org/t/p/netflix_movie_413.jpg
2002-02-21,Netflix Movie 414,This is the overview of Netflix Movie 414.,133.4,27729,6.4,it,Sci-Fi,https://image.tmdb.org/t/p/netflix_movie_414.jpg
2013-02-23,Netflix Movie 415,This is the overview of Netflix Movie 415.,242.4,42494,8.3,ko,Thriller,https://image.tmdb.org/t/p/netflix_movie_415.jpg
2001-10-18,Netflix Movie 416,This is the overview of Netflix Movie 416.,94.0,29472,4.1,it,Action,https://image.tmdb.org/t/p/netflix_movie_416.jpg
2024-05-11,Netflix Movie 417,This is the overview of Netflix Movie 417.,171.2,40856,5.1,it,Sci-Fi,https://image.tmdb.org/t/p/netflix_movie_417.jpg
2024-07-01,Netflix Movie 418,This is the overview of Netflix Movie 418.,165.1,27173,7.6,it,Comedy,https://image.tmdb.org/t/p/netflix_movie_418.jpg
2014-03-14,Netflix Movie 419,This is the overview of Netflix Movie 419.,170.4,33829,6.5,it,Animation,https://image.tmdb.org/t/p/netflix_movie_419.jpg
2018-12-21,Netflix Movie 420,This is the overview of Netflix Movie 420.,98.2,32798,6.8,pt,Action,https://image.tmdb.org/t/p/netflix_movie_420.jpg
2001-01-17,Netflix Movie 421,This is the overview of Netflix Movie 421.,176.9,15371,9.4,fr,Documentary,https://image.tmdb.org/t/p/netflix_movie_421.jpg
2018-06-07,Netflix Movie 422,This is the overview of Netflix Movie 422.,283.8,24548,5.8,es,Sci-Fi,https://image.tmdb.org/t/p/netflix_movie_422.jpg
2003-04-10,Netflix Movie 423,This is the overview of Netflix Movie 423.,267.9,7663,7.4,fr,Thriller,https://image.tmdb.org/t/p/netflix_movie_423.jpg
2012-04-12,Netflix Movie 424,This is the overview of Netflix Movie 424.,244.1,46146,8.1,ja,Drama,https://image.tmdb.org/t/p/netflix_movie_424.jpg
2011-12-29,Netflix Movie 425,This is the overview of Netflix Movie 425.,110.6,11779,6.0,fr,Sci-Fi,https://image.tmdb.org/t/p/netflix_movie_425.jpg
2010-01-15,Netflix Movie 426,This is the overview of Netflix Movie 426.,139.3,23468,5.7,it,Comedy,https://image.tmdb.org/t/p/netflix_movie_426.jpg
2015-12-11,Netflix Movie 427,This is the overview of Netflix Movie 427.,149.6,13575,6.8,es,Sci-Fi,https://image.tmdb.org/t/p/netflix_movie_427.jpg
2015-09-03,Netflix Movie 428,This is the overview of Netflix Movie 428.,113.7,47025,7.3,es,Sci-Fi,https://image.tmdb.org/t/p/netflix_movie_428.jpg
2010-07-29,Netflix Movie 429,This is the overview of Netflix Movie 429.,241.9,5714,9.3,ko,Horror,https://image.tmdb.org/t/p/netflix_movie_429.jpg
2007-01-05,Netflix Movie 430,This is the overview of Netflix Movie 430.,228.7,27278,9.3,en,Thriller,https://image.tmdb.org/t/p/netflix_movie_430.jpg
2002-09-03,Netflix Movie 431,This is the overview of Netflix Movie 431.,281.4,9011,7.7,fr,Documentary,https://image.tmdb.org/t/p/netflix_movie_431.jpg
2002-10-23,Netflix Movie 432,This is the overview of Netflix Movie 432.,52.5,29000,6.8,es,Sci-Fi,https://image.tmdb.org/t/p/netflix_movie_432.jpg
2007-01-11,Netflix Movie 433,This is the overview of Netflix Movie 433.,12.2,13995,5.9,it,Drama,https://image.tmdb.org/t/p/netflix_movie_433.jpg
2004-04-12,Netflix Movie 434,This is the overview of Netflix Movie 434.,235.3,1903,4.9,fr,Sci-Fi,https://image.tmdb.org/t/p/netflix_movie_434.jpg
2006-10-26,Netflix Movie 435,This is the overview of Netflix Movie 435.,10.8,2586,7.1,ja,Documentary,https://image.tmdb.org/t/p/netflix_movie_435.jpg
2004-05-06,Netflix Movie 436,This is the overview of Netflix Movie 436.,255.0,31936,7.5,es,Drama,https://image.tmdb.org/t/p/netflix_movie_436.jpg
2000-04-19,Netflix Movie 437,This is the overview of Netflix Movie 437.,113.8,11641,4.1,en,Comedy,https://image.tmdb.org/t/p/netflix_movie_437.jpg
2017-11-02,Netflix Movie 438,This is the overview of Netflix Movie 438.,27.1,41128,5.5,en,Romance,https://image.tmdb.org/t/p/netflix_movie_438.jpg
2016-01-21,Netflix Movie 439,This is the overview of Netflix Movie 439.,299.9,13126,6.6,ko,Romance,https://image.tmdb.org/t/p/netflix_movie_439.jpg
2008-11-28,Netflix Movie 440,This is the overview of Netflix Movie 440.,25.8,27130,4.8,ja,Horror,https://image.tmdb.org/t/p/netflix_movie_440.jpg
2007-01-24,Netflix Movie 441,This is the overview of Netflix Movie 441.,185.6,29714,5.1,pt,Action,https://image.tmdb.org/t/p/netflix_movie_441.jpg
2010-11-27,Netflix Movie 442,This is the overview of Netflix Movie 442.,129.2,34259,6.1,ja,Sci-Fi,https://image.tmdb.org/t/p/netflix_movie_442.jpg
2016-05-09,Netflix Movie 443,This is the overview of Netflix Movie 443.,109.6,7646,6.9,en,Thriller,https://image.tmdb.org/t/p/netflix_movie_443.jpg
2010-04-27,Netflix Movie 444,This is the overview of Netflix Movie 444.,139.5,14262,8.6,pt,Sci-Fi,https://image.tmdb.org/t/p/netflix_movie_444.jpg
2002-05-18,Netflix Movie 445,This is the overview of Netflix Movie 445.,222.1,20716,8.6,de,Thriller,https://image.tmdb.org/t/p/netflix_movie_445.jpg
2022-01-30,Netflix Movie 446,This is the overview of Netflix Movie 446.,186.4,18863,5.6,pt,Animation,https://image.tmdb.org/t/p/netflix_movie_446.jpg
2004-05-04,Netflix Movie 447,This is the overview of Netflix Movie 447.,225.1,9048,7.4,pt,Horror,https://image.tmdb.org/t/p/netflix_movie_447.jpg
2011-07-14,Netflix Movie 448,This is the overview of Netflix Movie 448.,134.2,37356,6.1,en,Sci-Fi,https://image.tmdb.org/t/p/netflix_movie_448.jpg
2006-04-29,Netflix Movie 449,This is the overview of Netflix Movie 449.,284.0,14645,7.0,fr,Sci-Fi,https://image.tmdb.org/t/p/netflix_movie_449.jpg
2009-09-09,Netflix Movie 450,This is the overview of Netflix Movie 450.,135.8,44936,6.0,de,Sci-Fi,https://image.tmdb.org/t/p/netflix_movie_450.jpg
